Commodity Name,Symbol,Date,Open,High,Low,Close
Soybeans,S 1:COM,24/01/2025,1054,1063,1053,1054.75
Soybeans,S 1:COM,23/01/2025,1058.25,1076.25,1057.25,1065.5
Soybeans,S 1:COM,22/01/2025,1069,1073.5,1051.75,1056
Soybeans,S 1:COM,21/01/2025,1055,1068,1046,1067.25
Soybeans,S 1:COM,20/01/2025,1035.0975,1037.0598,1034.2849,1036.4958
Soybeans,S 1:COM,17/01/2025,1028,1039,1023.25,1034
Soybeans,S 1:COM,16/01/2025,1028.5,1030.5,1018.5,1019
Soybeans,S 1:COM,15/01/2025,1051,1054,1039.75,1042.75
Soybeans,S 1:COM,14/01/2025,1050,1064,1043.25,1047.5
Soybeans,S 1:COM,13/01/2025,1027.25,1053.5,1026.5,1053
Soybeans,S 1:COM,10/01/2025,1001.25,1033.5,1001,1025.25
Soybeans,S 1:COM,09/01/2025,985.5968,992.7726,979.2175,988.9752
Soybeans,S 1:COM,08/01/2025,994.5,999.25,991.75,994.5
Soybeans,S 1:COM,07/01/2025,983.5,993.25,983.25,992.25
Soybeans,S 1:COM,06/01/2025,997,997.5,989.75,992.5
Soybeans,S 1:COM,03/01/2025,992,992,978.75,981
Soybeans,S 1:COM,02/01/2025,996.5,1004,990.75,999.5
Soybeans,S 1:COM,31/12/2024,985,999.5,983.75,998.25
Soybeans,S 1:COM,30/12/2024,992,994.75,974.75,982
Soybeans,S 1:COM,27/12/2024,988,989,979.25,980
Soybeans,S 1:COM,26/12/2024,979,989.75,975,988
Soybeans,S 1:COM,25/12/2024,973.821,973.8551,973.6883,973.8057
Soybeans,S 1:COM,24/12/2024,972,975.75,971.5,975.25
Soybeans,S 1:COM,23/12/2024,972.25,975.5,968,969.5
Soybeans,S 1:COM,20/12/2024,969.25,977.5,968.5,974.5
Soybeans,S 1:COM,19/12/2024,954.25,964.75,954,963
Soybeans,S 1:COM,18/12/2024,964.5,969,950.25,951.75
Soybeans,S 1:COM,17/12/2024,976.75,979.25,970.5,976.75
Soybeans,S 1:COM,16/12/2024,992.5,993.25,981,982
Soybeans,S 1:COM,13/12/2024,990.5,992,986,988.25
Soybeans,S 1:COM,12/12/2024,996,997.5,988.5,995.75
Soybeans,S 1:COM,11/12/2024,991.25,1001,990.75,995.5
Soybeans,S 1:COM,10/12/2024,993.75,1000,990.5,994.75
Soybeans,S 1:COM,09/12/2024,998,1003.5,985.75,990
Soybeans,S 1:COM,06/12/2024,995.5,997.5,987.75,993.75
Soybeans,S 1:COM,05/12/2024,987,994.75,986.5,993.75
Soybeans,S 1:COM,04/12/2024,986,987.5,980.5,983.75
Soybeans,S 1:COM,03/12/2024,996,999,987,991.75
Soybeans,S 1:COM,02/12/2024,984.25,986.5,977.5,985.25
Soybeans,S 1:COM,29/11/2024,993.25,998,982.75,989.5
Soybeans,S 1:COM,27/11/2024,989.75,994.25,986,988.75
Soybeans,S 1:COM,26/11/2024,987,987,976.75,983.5
Soybeans,S 1:COM,25/11/2024,988.5,990.75,983,985.75
Soybeans,S 1:COM,22/11/2024,983.5,985.25,976.75,983.5
Soybeans,S 1:COM,21/11/2024,990.5,990.5,976.25,977.75
Soybeans,S 1:COM,20/11/2024,991.75,995.25,985.25,990.5
Soybeans,S 1:COM,19/11/2024,1004.25,1009.5,995.25,998.5
Soybeans,S 1:COM,18/11/2024,990.75,1011.5,990.25,1009.75
Soybeans,S 1:COM,15/11/2024,995.25,1005.25,992.5,998.5
Soybeans,S 1:COM,14/11/2024,1007.25,1008,986.25,987.5
Soybeans,S 1:COM,13/11/2024,1009,1009.5,1001.75,1007.75
Soybeans,S 1:COM,12/11/2024,1020.25,1021.75,1003.75,1010.5
Soybeans,S 1:COM,11/11/2024,1034.5,1036.75,1019.5,1022.25
Soybeans,S 1:COM,08/11/2024,1011,1030,1006,1016.75
Soybeans,S 1:COM,07/11/2024,997.5,1015.5,989.75,1015.5
Soybeans,S 1:COM,06/11/2024,978,997.5,977.5,994.5
Soybeans,S 1:COM,05/11/2024,993.25,996.75,991,993.75
Soybeans,S 1:COM,04/11/2024,993.5,995,982.5,987.25
Soybeans,S 1:COM,01/11/2024,990.5,997.25,978.25,982.5
Soybeans,S 1:COM,31/10/2024,983,985.5,978,982.5
Soybeans,S 1:COM,30/10/2024,970.25,979,968,976.5
Soybeans,S 1:COM,29/10/2024,976.5,978,965,965.25
Soybeans,S 1:COM,28/10/2024,981,983,973.5,974
Soybeans,S 1:COM,25/10/2024,992,993.75,984,987.75
Soybeans,S 1:COM,24/10/2024,1010.5,1012.25,994.25,996.25
Soybeans,S 1:COM,23/10/2024,988,999.75,988,997.5
Soybeans,S 1:COM,22/10/2024,981.5,997,980.75,991.75
Soybeans,S 1:COM,21/10/2024,973.5,983.75,972,981
Soybeans,S 1:COM,18/10/2024,990.75,993,969.25,970
Soybeans,S 1:COM,17/10/2024,973.75,991.25,968.25,988.75
Soybeans,S 1:COM,16/10/2024,998,1001.5,978.25,980
Soybeans,S 1:COM,15/10/2024,987,993.75,981,991
Soybeans,S 1:COM,14/10/2024,1000.25,1008.5,995.5,996
Soybeans,S 1:COM,11/10/2024,1018.5,1023.75,1004,1005.5
Soybeans,S 1:COM,10/10/2024,1017.25,1018.5,1011.75,1014.75
Soybeans,S 1:COM,09/10/2024,1018,1024,1011.5,1020.25
Soybeans,S 1:COM,08/10/2024,1020,1022.25,1011.5,1016.25
Soybeans,S 1:COM,07/10/2024,1031.75,1039,1030.75,1034
Soybeans,S 1:COM,04/10/2024,1047.75,1052.5,1036.25,1037.75
Soybeans,S 1:COM,03/10/2024,1044,1056.25,1041.75,1046
Soybeans,S 1:COM,02/10/2024,1045.5,1059.25,1043.5,1056
Soybeans,S 1:COM,01/10/2024,1046.25,1065.5,1046,1057.25
Soybeans,S 1:COM,30/09/2024,1058,1069.75,1056.25,1057
Soybeans,S 1:COM,27/09/2024,1041,1069.5,1039.5,1065.75
Soybeans,S 1:COM,26/09/2024,1059.5,1063.75,1039.75,1041
Soybeans,S 1:COM,25/09/2024,1034.75,1054.5,1034,1053.25
Soybeans,S 1:COM,24/09/2024,1052.25,1058.25,1038.75,1042.25
Soybeans,S 1:COM,23/09/2024,1025.25,1041.75,1024.75,1039.25
Soybeans,S 1:COM,20/09/2024,1006.25,1014.25,1001.25,1012
Soybeans,S 1:COM,19/09/2024,1015.25,1018.25,1009,1013.25
Soybeans,S 1:COM,18/09/2024,1017,1021,1006.25,1014
Soybeans,S 1:COM,17/09/2024,1008.25,1011,1002.75,1006
Soybeans,S 1:COM,16/09/2024,1004.5,1012,1001,1004.5
Soybeans,S 1:COM,13/09/2024,1017.5,1021,1002.25,1006.25
Soybeans,S 1:COM,12/09/2024,1004.75,1017.25,997.25,1010.75
Soybeans,S 1:COM,11/09/2024,1003.5,1005.5,995.5,1000.5
Soybeans,S 1:COM,10/09/2024,1005.75,1006,995.75,997.25
Soybeans,S 1:COM,09/09/2024,986.2993,1004.2806,985.8015,998.9208
Soybeans,S 1:COM,06/09/2024,1006.0843,1015.4553,986.7622,1002.3285
Soybeans,S 1:COM,05/09/2024,1004.0941,1009.0992,994.6601,1009.0216
Soybeans,S 1:COM,04/09/2024,995.5902,1006.3741,984.7398,1005.7704
Soybeans,S 1:COM,03/09/2024,981.7283,1007.1415,976.9927,996.5218
Soybeans,S 1:COM,30/08/2024,974.3182,988.6999,969.5782,980.0036
Soybeans,S 1:COM,29/08/2024,957.2956,975.2807,957.0716,972.7164
Soybeans,S 1:COM,28/08/2024,968.7646,969.562,953.2836,953.3055
Soybeans,S 1:COM,27/08/2024,959.0914,971.4071,957.3211,967.5504
Soybeans,S 1:COM,26/08/2024,941.3206,960.9436,940.0544,959.7309
Soybeans,S 1:COM,23/08/2024,941.3287,954.2784,941.268,952.2654
Soybeans,S 1:COM,22/08/2024,961.7719,963.2497,939.6749,941.0369
Soybeans,S 1:COM,21/08/2024,958.0751,966.2536,955.5974,960.3369
Soybeans,S 1:COM,20/08/2024,956.2746,965.9939,950.627,957.0462
Soybeans,S 1:COM,19/08/2024,941.0546,957.0856,940.2794,955.0418
Soybeans,S 1:COM,16/08/2024,950.2877,952.565,936.0616,937.2825
Soybeans,S 1:COM,15/08/2024,951.4864,961.0884,948.536,948.536
Soybeans,S 1:COM,14/08/2024,945.828,958.1799,939.8349,950.7064
Soybeans,S 1:COM,13/08/2024,1012.0731,1013.5612,985.9867,986.799
Soybeans,S 1:COM,12/08/2024,1021.5838,1038.7483,1000.9832,1013.0504
Soybeans,S 1:COM,09/08/2024,1009.0786,1026.7924,1004.0223,1004.8245
Soybeans,S 1:COM,08/08/2024,1012.8128,1026.9182,1004.1671,1008.0047
Soybeans,S 1:COM,07/08/2024,1026.2758,1027.4507,1004.6343,1013.0519
Soybeans,S 1:COM,06/08/2024,1037.3083,1038.6842,1014.0587,1020.8007
Soybeans,S 1:COM,05/08/2024,1034.8514,1044.8524,1016.4974,1044.7701
Soybeans,S 1:COM,02/08/2024,1019.5238,1032.4922,1016.0272,1031.2843
Soybeans,S 1:COM,01/08/2024,1028.8036,1032.0767,1017.314,1022.0668
Soybeans,S 1:COM,31/07/2024,1026.5405,1049.7645,1019.7789,1030.0469
Soybeans,S 1:COM,30/07/2024,1055.5657,1058.9504,1023.3475,1025.0532
Soybeans,S 1:COM,29/07/2024,1069.9454,1069.955,1030.2979,1054.7917
Soybeans,S 1:COM,26/07/2024,1113.9836,1116.7957,1070.9966,1071.5059
Soybeans,S 1:COM,25/07/2024,1109.5476,1119.7823,1103.9688,1112.7352
Soybeans,S 1:COM,24/07/2024,1113.9753,1122.891,1104.9272,1109.5217
Soybeans,S 1:COM,23/07/2024,1115.7924,1128.9948,1110.7286,1116.6672
Soybeans,S 1:COM,22/07/2024,1100.7188,1119.3501,1100.4763,1117.0333
Soybeans,S 1:COM,19/07/2024,1097.0747,1107.4403,1094.8779,1095.8053
Soybeans,S 1:COM,18/07/2024,1097.3566,1100.6649,1089.192,1097.4225
Soybeans,S 1:COM,17/07/2024,1091.2758,1103.1016,1090.7877,1096.4781
Soybeans,S 1:COM,16/07/2024,1077.2614,1096.5988,1076.949,1090.046
Soybeans,S 1:COM,15/07/2024,1097.761,1100.1957,1073.6007,1075.2437
Soybeans,S 1:COM,12/07/2024,1118.5228,1119.4606,1101.8921,1103.0968
Soybeans,S 1:COM,11/07/2024,1137.0944,1150.6372,1116.8219,1116.8219
Soybeans,S 1:COM,10/07/2024,1160.8112,1172.5927,1131.3235,1131.3235
Soybeans,S 1:COM,09/07/2024,1171.5228,1185.1072,1156.9924,1158.0688
Soybeans,S 1:COM,08/07/2024,1180.567,1182.3228,1149.0168,1149.0168
Soybeans,S 1:COM,05/07/2024,1149.112,1192.2725,1149.112,1189.5192
Soybeans,S 1:COM,03/07/2024,1164.0583,1181.6581,1160.9174,1177.2859
Soybeans,S 1:COM,02/07/2024,1158.3239,1176.5308,1157.4495,1161.9791
Soybeans,S 1:COM,01/07/2024,1148.361,1162.0865,1145.0089,1156.3131
Soybeans,S 1:COM,28/06/2024,1152.4795,1168.412,1145.278,1152.5287
Soybeans,S 1:COM,27/06/2024,1160.052,1169.8708,1149.6792,1152.2794
Soybeans,S 1:COM,26/06/2024,1162.3352,1177.7472,1159.4618,1161.0293
Soybeans,S 1:COM,25/06/2024,1174.1943,1180.0931,1156.6205,1163.237
Soybeans,S 1:COM,24/06/2024,1160.7972,1178.8337,1156.7921,1174.4274
Soybeans,S 1:COM,21/06/2024,1156.2803,1168.0577,1156.268,1160.3531
Soybeans,S 1:COM,20/06/2024,1171.5562,1175.8441,1154.622,1156.053
Soybeans,S 1:COM,19/06/2024,1172.8326,1173.5813,1170.5385,1172.5812
Soybeans,S 1:COM,18/06/2024,1158.7668,1174.9727,1157.0702,1172.4655
Soybeans,S 1:COM,17/06/2024,1176.8186,1178.4336,1156.9423,1157.8538
Soybeans,S 1:COM,14/06/2024,1187.7972,1188.8334,1177.4318,1178.2812
Soybeans,S 1:COM,13/06/2024,1178.824,1191.5228,1171.5936,1188.7928
Soybeans,S 1:COM,12/06/2024,1176.9661,1186.346,1170.7023,1177.1172
Soybeans,S 1:COM,11/06/2024,1189.0858,1193.1813,1174.9415,1176.9578
Soybeans,S 1:COM,10/06/2024,1178.0496,1191.0153,1175.8228,1188.2227
Soybeans,S 1:COM,07/06/2024,1201.3025,1202.7546,1174.0363,1177.2112
Soybeans,S 1:COM,06/06/2024,1176.2426,1204.1143,1175.9745,1200.5706
Soybeans,S 1:COM,05/06/2024,1180.3212,1191.2396,1175.7706,1176.472
Soybeans,S 1:COM,04/06/2024,1182.4377,1189.7993,1176.4333,1180.2972
Soybeans,S 1:COM,03/06/2024,1201.5427,1205.4314,1181.0701,1184.0552
Soybeans,S 1:COM,31/05/2024,1211.1816,1224.0135,1203.0411,1204.7277
Soybeans,S 1:COM,30/05/2024,1212.5438,1219.1401,1206.7017,1209.7275
Soybeans,S 1:COM,29/05/2024,1228.9565,1230.9716,1212.2144,1213.7843
Soybeans,S 1:COM,28/05/2024,1250.83,1254.5388,1226.0166,1228.9567
Soybeans,S 1:COM,27/05/2024,1247.8229,1250.1106,1247.2921,1250.1106
Soybeans,S 1:COM,24/05/2024,1238.3726,1250.13,1236.6528,1249.3186
Soybeans,S 1:COM,23/05/2024,1245.5192,1257.9359,1236.2399,1239.0253
Soybeans,S 1:COM,22/05/2024,1235.315,1250.0287,1234.3534,1245.5148
Soybeans,S 1:COM,21/05/2024,1246.7444,1249.0955,1230.5745,1235.0105
Soybeans,S 1:COM,20/05/2024,1226.6989,1251.0798,1224.0488,1246.5806
Soybeans,S 1:COM,17/05/2024,1216.8224,1231.4781,1215.6364,1227.0269
Soybeans,S 1:COM,16/05/2024,1214.0347,1219.2253,1209.9852,1216.5518
Soybeans,S 1:COM,15/05/2024,1215.2845,1231.9503,1210.0085,1214.0692
Soybeans,S 1:COM,14/05/2024,1201.5815,1222.3158,1201.263,1214.5315
Soybeans,S 1:COM,13/05/2024,1205.5698,1213.3267,1193.4019,1199.593
Soybeans,S 1:COM,10/05/2024,1194.3246,1206.5535,1187.0673,1204.0222
Soybeans,S 1:COM,09/05/2024,1211.0916,1218.1543,1189.8995,1193.5604
Soybeans,S 1:COM,08/05/2024,1232.1068,1232.654,1208.6097,1211.0441
Soybeans,S 1:COM,07/05/2024,1232.0625,1242.6373,1227.648,1229.3031
Soybeans,S 1:COM,06/05/2024,1201.0938,1235.5698,1197,1234.6
Soybeans,S 1:COM,03/05/2024,1197.6906,1204.6505,1189.6722,1201.6729
Soybeans,S 1:COM,02/05/2024,1156.5835,1167.456,1156.5496,1165.21
Soybeans,S 1:COM,01/05/2024,1142.022,1156.1678,1140.1512,1155.2354
Soybeans,S 1:COM,30/04/2024,1161.532,1162.8927,1140.3931,1145.822
Soybeans,S 1:COM,29/04/2024,1158.7017,1171.768,1156.941,1158.767
Soybeans,S 1:COM,26/04/2024,1161.9503,1163.992,1154.7435,1159.2712
Soybeans,S 1:COM,25/04/2024,1161.0396,1166.0775,1150.9452,1160.058
Soybeans,S 1:COM,23/04/2024,1161,1169,1158,1163
Soybeans,S 1:COM,22/04/2024,1147.75,1166.75,1144.25,1160.5
Soybeans,S 1:COM,19/04/2024,1134,1152.75,1131.5,1150.5
Soybeans,S 1:COM,18/04/2024,1149,1150,1133,1133.25
Soybeans,S 1:COM,17/04/2024,1145.75,1155,1141.75,1148.5
Soybeans,S 1:COM,16/04/2024,1157.5,1162.75,1143,1145
Soybeans,S 1:COM,15/04/2024,1172.75,1175.75,1155.5,1157.25
Soybeans,S 1:COM,12/04/2024,1157.75,1179.5,1154,1173
Soybeans,S 1:COM,11/04/2024,1163.5,1166,1151,1158.5
Soybeans,S 1:COM,10/04/2024,1174.75,1180.5,1163.25,1163.75
Soybeans,S 1:COM,09/04/2024,1181.5,1184.25,1172,1174.5
Soybeans,S 1:COM,08/04/2024,1187.75,1193.25,1180.5,1181.5
Soybeans,S 1:COM,05/04/2024,1178,1190.75,1173,1185
Soybeans,S 1:COM,04/04/2024,1182.25,1186.75,1170.25,1180
Soybeans,S 1:COM,03/04/2024,1175.5,1186.75,1168.5,1182.25
Soybeans,S 1:COM,02/04/2024,1185.5,1199.75,1171,1174
Soybeans,S 1:COM,01/04/2024,1196.25,1201.75,1181.5,1185.75
Soybeans,S 1:COM,28/03/2024,1191.75,1199.5,1177,1191.5
Soybeans,S 1:COM,27/03/2024,1196.75,1198,1189.5,1192.5
Soybeans,S 1:COM,26/03/2024,1207.5,1208,1197.75,1199
Soybeans,S 1:COM,25/03/2024,1194,1210,1188.5,1209.25
Soybeans,S 1:COM,22/03/2024,1211,1211.25,1189.25,1192.5
Soybeans,S 1:COM,21/03/2024,1209,1226.75,1204,1212
Soybeans,S 1:COM,20/03/2024,1185.5,1211.75,1183.5,1209.5
Soybeans,S 1:COM,19/03/2024,1188,1192.25,1181,1185.5
Soybeans,S 1:COM,18/03/2024,1198.5,1206,1186.75,1187.75
Soybeans,S 1:COM,15/03/2024,1194.5,1200,1183.5,1198.25
Soybeans,S 1:COM,14/03/2024,1196,1217.5,1191.5,1195.25
Soybeans,S 1:COM,13/03/2024,1192.25,1199.25,1182.75,1196.75
Soybeans,S 1:COM,12/03/2024,1179,1196.5,1175.75,1196
Soybeans,S 1:COM,11/03/2024,1185.25,1189.25,1175,1179.25
Soybeans,S 1:COM,08/03/2024,1165,1185,1153.75,1184
Soybeans,S 1:COM,07/03/2024,1149,1167,1147,1166.25
Soybeans,S 1:COM,06/03/2024,1149.25,1153.5,1140.25,1148.25
Soybeans,S 1:COM,05/03/2024,1155,1158.75,1146.75,1149
Soybeans,S 1:COM,04/03/2024,1152.25,1165.75,1151,1155
Soybeans,S 1:COM,01/03/2024,1139,1152.25,1137.25,1151.25
Soybeans,S 1:COM,29/02/2024,1144.75,1148.75,1128.5,1140.75
Soybeans,S 1:COM,28/02/2024,1141.5,1151.5,1134,1145.25
Soybeans,S 1:COM,27/02/2024,1145,1161.5,1138.5,1140.75
Soybeans,S 1:COM,26/02/2024,1145,1151,1133.5,1145.25
Soybeans,S 1:COM,23/02/2024,1153,1158.5,1138.25,1141.75
Soybeans,S 1:COM,22/02/2024,1165,1172,1151.75,1152.5
Soybeans,S 1:COM,21/02/2024,1183.5,1184,1162.25,1165
Soybeans,S 1:COM,20/02/2024,1180,1192,1177.25,1183.5
Soybeans,S 1:COM,19/02/2024,1163.75,1172,1163.75,1171.5
Soybeans,S 1:COM,16/02/2024,1167.5,1177.5,1165.5,1176.25
Soybeans,S 1:COM,15/02/2024,1174.25,1179.5,1164.25,1166
Soybeans,S 1:COM,14/02/2024,1191.75,1193.5,1174.25,1176.25
Soybeans,S 1:COM,13/02/2024,1196,1201.25,1188.75,1191.75
Soybeans,S 1:COM,12/02/2024,1189,1202.5,1188.75,1197.75
Soybeans,S 1:COM,09/02/2024,1201,1204.25,1188.25,1190
Soybeans,S 1:COM,08/02/2024,1196,1211.75,1188.25,1199.75
Soybeans,S 1:COM,07/02/2024,1207.5,1211,1188.75,1197.5
Soybeans,S 1:COM,06/02/2024,1204.75,1213.75,1202,1208.25
Soybeans,S 1:COM,05/02/2024,1199.75,1207,1190,1204.75
Soybeans,S 1:COM,02/02/2024,1213.75,1218.25,1197,1198.25
Soybeans,S 1:COM,01/02/2024,1231.75,1232,1210.75,1213.75
Soybeans,S 1:COM,31/01/2024,1228,1233.25,1216.25,1232.75
Soybeans,S 1:COM,30/01/2024,1193.75,1221.25,1187.75,1218.75
Soybeans,S 1:COM,29/01/2024,1210.75,1212.5,1191.5,1194.25
Soybeans,S 1:COM,26/01/2024,1223.5,1230.75,1208.5,1209.25
Canola,RS1:COM,24/01/2025,638.1378,643.1698,632.387,638.9686
Canola,RS1:COM,23/01/2025,629.2793,640.53,623.8565,637.927
Canola,RS1:COM,22/01/2025,631.7742,638.9492,626.1592,629.1658
Canola,RS1:COM,21/01/2025,633.4465,633.5997,615.1932,631.3698
Canola,RS1:COM,20/01/2025,616.8109,634.1223,612.3247,632.655
Canola,RS1:COM,18/01/2025,616.298,616.298,616.298,616.298
Canola,RS1:COM,17/01/2025,607.2042,627.7865,606.1007,616.298
Canola,RS1:COM,16/01/2025,629.9966,630.0092,604.874,606.7605
Canola,RS1:COM,15/01/2025,642.0326,645.5194,622.8838,629.8993
Canola,RS1:COM,14/01/2025,629.6499,648.0256,628.1705,641.2722
Canola,RS1:COM,13/01/2025,626.3458,633.6478,625.4132,631.2735
Canola,RS1:COM,10/01/2025,614.0508,628.2089,612.7187,626.477
Canola,RS1:COM,09/01/2025,613.8419,614.6552,608.9826,611.4669
Canola,RS1:COM,08/01/2025,631.3327,638.2973,613.6908,613.7992
Canola,RS1:COM,07/01/2025,610.751,633.2398,604.5547,631.7402
Canola,RS1:COM,06/01/2025,629.959,638.804,609.7129,610.8704
Canola,RS1:COM,03/01/2025,613.3084,634.4687,606.829,632.5618
Canola,RS1:COM,02/01/2025,611.7057,631.3244,601.8698,631.3015
Canola,RS1:COM,01/01/2025,611.7247,611.7589,611.6688,611.7134
Canola,RS1:COM,31/12/2024,614.3558,614.3558,604.7268,608.7172
Canola,RS1:COM,30/12/2024,621.253,625.5141,610.5502,611.3775
Canola,RS1:COM,28/12/2024,624.7234,624.7234,624.7234,624.7234
Canola,RS1:COM,27/12/2024,620.7441,626.6223,616.0121,624.7234
Canola,RS1:COM,26/12/2024,620.7344,620.7729,620.7337,620.754
Canola,RS1:COM,25/12/2024,620.7736,620.8043,620.6518,620.7469
Canola,RS1:COM,24/12/2024,608.8211,624.3137,606.3719,620.9873
Canola,RS1:COM,23/12/2024,609.0954,620.168,605.6596,607.9475
Canola,RS1:COM,21/12/2024,608.7038,608.7038,608.7038,608.7038
Canola,RS1:COM,20/12/2024,597.1499,611.759,596.0495,608.7038
Canola,RS1:COM,19/12/2024,587.3025,607.8544,585.7755,596.9185
Canola,RS1:COM,18/12/2024,592.8374,593.2822,583.3838,587.1491
Canola,RS1:COM,17/12/2024,602.8802,607.0949,592.2955,593.0344
Canola,RS1:COM,16/12/2024,612.1309,618.4164,600.588,602.4944
Canola,RS1:COM,13/12/2024,617.7503,622.7077,611.2527,612.1298
Canola,RS1:COM,12/12/2024,622.6143,626.1786,616.0158,617.629
Canola,RS1:COM,11/12/2024,620.1664,625.7344,616.1816,622.502
Canola,RS1:COM,10/12/2024,618.0314,624.7296,612.6173,620.1546
Canola,RS1:COM,09/12/2024,608.3353,618.8041,604.2603,618.0358
Canola,RS1:COM,07/12/2024,608.201,608.201,608.201,608.201
Canola,RS1:COM,06/12/2024,591.6577,609.8024,590.2212,608.201
Canola,RS1:COM,05/12/2024,578.555,595.8818,578.2746,591.5367
Canola,RS1:COM,04/12/2024,588.0985,588.0985,577.389,578.4586
Canola,RS1:COM,03/12/2024,581.6187,596.0984,580.6077,587.8013
Canola,RS1:COM,02/12/2024,573.973,582.9976,570.1328,581.5458
Canola,RS1:COM,30/11/2024,573.6722,573.6722,573.6722,573.6722
Canola,RS1:COM,29/11/2024,571.1488,584.327,568.6928,573.6722
Canola,RS1:COM,28/11/2024,565.7429,579.0998,563.8443,571.1746
Canola,RS1:COM,27/11/2024,580.198,583.3163,563.6479,565.4105
Canola,RS1:COM,26/11/2024,593.7419,593.7419,567.9288,579.8167
Canola,RS1:COM,25/11/2024,592.4682,600.6811,585.0544,593.7313
Canola,RS1:COM,23/11/2024,592.5928,592.5928,592.5928,592.5928
Canola,RS1:COM,22/11/2024,593.812,600.5098,584.0105,592.5928
Canola,RS1:COM,21/11/2024,616.9196,619.6127,590.6565,593.8024
Canola,RS1:COM,20/11/2024,629.8034,634.4923,615.0027,616.6168
Canola,RS1:COM,19/11/2024,646.8875,649.8809,629.1521,629.7156
Canola,RS1:COM,18/11/2024,647.4766,652.3369,632.679,646.9175
Canola,RS1:COM,16/11/2024,646.8355,646.8355,646.8355,646.8355
Canola,RS1:COM,15/11/2024,626.942,651.6307,625.4669,646.8355
Canola,RS1:COM,14/11/2024,633.0419,656.834,626.2641,626.9302
Canola,RS1:COM,13/11/2024,639.5568,644.1494,622.5174,631.2383
Canola,RS1:COM,12/11/2024,638.8529,643.4437,626.9999,642.4623
Canola,RS1:COM,08/11/2024,641.3476,648.8687,635.8877,646.7539
Canola,RS1:COM,07/11/2024,619.5787,644.3713,619.5787,643.1465
Canola,RS1:COM,06/11/2024,626.0732,634.7692,608.9321,630.0818
Canola,RS1:COM,05/11/2024,629.4525,629.4525,614.6357,616.0833
Canola,RS1:COM,04/11/2024,636.0523,636.0644,621.4108,629.0284
Canola,RS1:COM,02/11/2024,631.7255,631.7255,631.7255,631.7255
Canola,RS1:COM,01/11/2024,630.7009,642.5764,623.58,631.7255
Canola,RS1:COM,31/10/2024,629.5687,635.8281,625.6472,632.0745
Canola,RS1:COM,30/10/2024,628.7332,641.3351,624.4618,625.7644
Canola,RS1:COM,29/10/2024,623.3465,639.0551,622.2234,629.4284
Canola,RS1:COM,28/10/2024,636.9808,643.6007,621.5742,626.0777
Canola,RS1:COM,26/10/2024,642.3555,642.3555,642.3555,642.3555
Canola,RS1:COM,25/10/2024,638.2275,642.3867,633.6505,642.3555
Canola,RS1:COM,24/10/2024,631.5656,644.2171,628.3876,637.8444
Canola,RS1:COM,23/10/2024,630.8791,637.8832,628.5421,631.4671
Canola,RS1:COM,22/10/2024,619.8139,633.4444,614.1093,632.8751
Canola,RS1:COM,21/10/2024,615.9474,629.1416,614.3139,618.0229
Canola,RS1:COM,19/10/2024,613.8273,613.8273,613.8273,613.8273
Canola,RS1:COM,18/10/2024,613.0789,619.6444,610.8037,613.8273
Canola,RS1:COM,17/10/2024,599.7899,616.3657,594.7933,612.3656
Canola,RS1:COM,16/10/2024,599.4939,615.2307,598.1414,598.3811
Canola,RS1:COM,15/10/2024,608.1396,609.4803,596.6931,597.3028
Canola,RS1:COM,14/10/2024,613.268,613.3449,613.2656,613.3167
Canola,RS1:COM,12/10/2024,612.8553,612.8553,612.8553,612.8553
Canola,RS1:COM,11/10/2024,609.6989,627.1304,608.9852,612.8553
Canola,RS1:COM,10/10/2024,615.3248,621.5097,609.9686,610.8732
Canola,RS1:COM,09/10/2024,608.8864,620.3271,608.1059,615.5168
Canola,RS1:COM,08/10/2024,626.7426,629.574,614.0967,614.3927
Canola,RS1:COM,07/10/2024,624.543,632.8193,617.8173,626.8944
Canola,RS1:COM,04/10/2024,621.2853,632.4634,620.2134,623.1356
Canola,RS1:COM,03/10/2024,613.4902,627.3164,611.1603,620.6671
Canola,RS1:COM,02/10/2024,605.3795,619.7549,605.3795,615.3979
Canola,RS1:COM,01/10/2024,602.7399,616.8985,596.3953,609.7797
Canola,RS1:COM,28/09/2024,602.2066,602.2066,602.2066,602.2066
Canola,RS1:COM,27/09/2024,598.5663,605.7303,587.9044,602.2066
Canola,RS1:COM,26/09/2024,608.1897,619.1058,597.3208,598.9769
Canola,RS1:COM,25/09/2024,600.9624,611.0941,595.0619,608.7928
Canola,RS1:COM,24/09/2024,586.0918,604.1633,583.1509,602.1553
Canola,RS1:COM,23/09/2024,585.9993,600.7011,585.6201,586.9821
Canola,RS1:COM,21/09/2024,587.9754,587.9754,587.9754,587.9754
Canola,RS1:COM,20/09/2024,579.6163,590.8374,578.289,587.9754
Canola,RS1:COM,19/09/2024,581.1321,587.2778,573.4552,581.8183
Canola,RS1:COM,18/09/2024,573.0689,590.4207,571.6344,581.1417
Canola,RS1:COM,17/09/2024,562.9816,578.2516,561.0169,574.2682
Canola,RS1:COM,16/09/2024,542.9305,570.8079,538.9589,564.5878
Canola,RS1:COM,14/09/2024,541.5378,541.5378,541.5378,541.5378
Canola,RS1:COM,13/09/2024,562.4838,565.2077,540.7131,541.5378
Canola,RS1:COM,12/09/2024,567.9329,570.4481,560.6786,561.5829
Canola,RS1:COM,11/09/2024,569.7069,578.5019,567.2308,569.8308
Canola,RS1:COM,10/09/2024,582.6417,583.0774,568.1248,568.7065
Canola,RS1:COM,09/09/2024,568.6753,587.6482,565.2091,583.7458
Canola,RS1:COM,07/09/2024,569.4726,569.4726,569.4726,569.4726
Canola,RS1:COM,06/09/2024,587.1432,587.3377,567.9001,569.4726
Canola,RS1:COM,05/09/2024,580.7268,589.2487,572.0711,588.2469
Canola,RS1:COM,04/09/2024,586.7466,587.8137,569.892,579.3398
Canola,RS1:COM,03/09/2024,613.347,613.4652,569.7566,589.0729
Canola,RS1:COM,31/08/2024,615.035,615.035,615.035,615.035
Canola,RS1:COM,30/08/2024,615.3755,621.2604,610.1794,615.035
Canola,RS1:COM,29/08/2024,596.7225,622.1306,595.1618,616.5746
Canola,RS1:COM,28/08/2024,599.0307,602.0892,590.3186,596.6454
Canola,RS1:COM,27/08/2024,588.832,606.3295,586.3051,598.2851
Canola,RS1:COM,26/08/2024,582.7574,591.97,576.8477,590.4951
Canola,RS1:COM,23/08/2024,566.8238,586.4696,565.3207,583.0337
Canola,RS1:COM,22/08/2024,575.1787,577.41,564.8121,565.2338
Canola,RS1:COM,21/08/2024,564.3185,580.8039,562.9134,575.2785
Canola,RS1:COM,20/08/2024,570.1912,574.7206,564.3686,565.1036
Canola,RS1:COM,19/08/2024,562.5658,574.4119,561.6808,570.5045
Canola,RS1:COM,17/08/2024,563.4819,563.4819,563.4819,563.4819
Canola,RS1:COM,16/08/2024,577.5059,581.0916,562.5272,563.4819
Canola,RS1:COM,15/08/2024,576.9572,588.1989,575.0134,577.2206
Canola,RS1:COM,14/08/2024,568.5881,580.9265,565.3182,577.2206
Canola,RS1:COM,13/08/2024,587.9757,589.0442,567.9582,569.2249
Canola,RS1:COM,12/08/2024,589.8104,596.1047,586.6963,587.7726
Canola,RS1:COM,10/08/2024,592.8033,592.8033,592.8033,592.8033
Canola,RS1:COM,09/08/2024,595.0298,607.0157,589.9357,592.8033
Canola,RS1:COM,08/08/2024,594.7051,606.886,590.6951,595.9201
Canola,RS1:COM,07/08/2024,588.2438,595.7131,585.1281,595.483
Canola,RS1:COM,06/08/2024,608.1505,610.5719,584.6947,587.4318
Canola,RS1:COM,03/08/2024,611.7338,611.7338,611.7338,611.7338
Canola,RS1:COM,02/08/2024,608.8179,616.619,606.5283,611.7338
Canola,RS1:COM,01/08/2024,623.8759,623.9762,606.6739,609.6319
Canola,RS1:COM,31/07/2024,617.8272,627.6822,617.1817,622.9172
Canola,RS1:COM,30/07/2024,634.7053,635.8078,612.2242,618.2358
Canola,RS1:COM,29/07/2024,645.4571,651.0412,628.8453,637.3128
Canola,RS1:COM,27/07/2024,646.3246,646.3246,646.3246,646.3246
Canola,RS1:COM,26/07/2024,666.8621,671.1789,645.5165,646.3246
Canola,RS1:COM,25/07/2024,667.8761,673.8144,661.3378,668.7678
Canola,RS1:COM,24/07/2024,676.6385,678.1317,668.1783,669.4805
Canola,RS1:COM,23/07/2024,670.1628,680.9998,667.1651,677.2453
Canola,RS1:COM,22/07/2024,648.6608,673.5623,648.6608,671.6622
Canola,RS1:COM,20/07/2024,646.3674,646.3674,646.3674,646.3674
Canola,RS1:COM,19/07/2024,647.0024,657.8519,641.8464,646.3674
Canola,RS1:COM,18/07/2024,631.3667,655.396,628.144,646.8896
Canola,RS1:COM,17/07/2024,618.6794,636.6493,618.6794,631.2741
Canola,RS1:COM,16/07/2024,613.9932,628.9019,613.9932,620.2664
Canola,RS1:COM,15/07/2024,617.2392,617.8766,604.788,614.8902
Canola,RS1:COM,13/07/2024,619.5609,619.5609,619.5609,619.5609
Canola,RS1:COM,12/07/2024,622.5322,626.6321,615.7966,619.5609
Canola,RS1:COM,11/07/2024,616.2351,631.799,615.2068,621.2351
Canola,RS1:COM,10/07/2024,632.2771,637.7978,616.0058,616.2383
Canola,RS1:COM,09/07/2024,647.4425,647.6505,629.9236,633.3397
Canola,RS1:COM,08/07/2024,652.1509,663.6561,648.0026,648.6446
Canola,RS1:COM,06/07/2024,658.0709,658.0709,658.0709,658.0709
Canola,RS1:COM,05/07/2024,646.1137,661.6538,645.391,658.0709
Canola,RS1:COM,04/07/2024,651.8773,657.8559,644.7415,649.3258
Canola,RS1:COM,03/07/2024,648.7603,659.8904,641.1879,652.4003
Canola,RS1:COM,02/07/2024,633.5374,658.8742,632.5608,650.6608
Canola,RS1:COM,29/06/2024,626.9588,626.9588,626.9588,626.9588
Canola,RS1:COM,28/06/2024,588.5382,628.9857,587.0318,626.9588
Canola,RS1:COM,27/06/2024,586.8924,605.6479,579.3898,589.9617
Canola,RS1:COM,26/06/2024,580.9965,598.7556,578.8098,586.9981
Canola,RS1:COM,25/06/2024,598.2053,599.2985,579.9944,579.9944
Canola,RS1:COM,24/06/2024,604.9584,610.8941,597.2929,597.9167
Canola,RS1:COM,22/06/2024,606.2912,606.2912,606.2912,606.2912
Canola,RS1:COM,21/06/2024,601.0356,608.6417,599.4177,606.2912
Canola,RS1:COM,20/06/2024,609.3053,613.4017,598.83,602.6068
Canola,RS1:COM,19/06/2024,607.7197,615.812,603.9517,612.9148
Canola,RS1:COM,18/06/2024,604.9952,615.1115,597.7185,608.7424
Canola,RS1:COM,17/06/2024,604.3574,608.1717,597.4276,606.0966
Canola,RS1:COM,14/06/2024,622.7414,625.7696,603.8719,606.3935
Canola,RS1:COM,13/06/2024,630.6143,631.8437,618.5279,624.1198
Canola,RS1:COM,12/06/2024,626.8741,633.866,619.4993,631.3072
Canola,RS1:COM,11/06/2024,627.6666,630.2995,618.0624,627.3817
Canola,RS1:COM,10/06/2024,629.4541,634.2394,622.0774,627.7819
Canola,RS1:COM,07/06/2024,639.9288,640.4618,625.5627,629.2559
Canola,RS1:COM,06/06/2024,615.4141,641.1601,615.4102,641.1404
Canola,RS1:COM,05/06/2024,626.5319,630.9692,615.1145,615.2128
Canola,RS1:COM,04/06/2024,632.7586,639.2456,624.7778,625.6574
Canola,RS1:COM,03/06/2024,658.8641,661.5812,628.8889,632.468
Canola,RS1:COM,31/05/2024,657.5836,669.564,655.0353,661.2683
Canola,RS1:COM,30/05/2024,667.2032,668.8118,656.9381,658.1151
Canola,RS1:COM,29/05/2024,667.5421,674.9189,664.2666,668.981
Canola,RS1:COM,28/05/2024,671.5598,675.3934,664.996,668.3525
Canola,RS1:COM,27/05/2024,665.322,673.5518,659.374,671.4349
Canola,RS1:COM,25/05/2024,664.4087,664.4087,664.4087,664.4087
Canola,RS1:COM,24/05/2024,670.7536,673.9257,663.87,664.4087
Canola,RS1:COM,23/05/2024,664.9507,673.9494,662.6755,670.5263
Canola,RS1:COM,22/05/2024,663.1757,672.1902,661.7634,664.616
Canola,RS1:COM,21/05/2024,666.9545,668.8909,659.1654,663.6861
Canola,RS1:COM,18/05/2024,661.7588,661.7588,661.7588,661.7588
Canola,RS1:COM,17/05/2024,650.5989,663.4546,649.6751,661.7588
Canola,RS1:COM,16/05/2024,647.4564,655.1204,645.5479,650.7945
Canola,RS1:COM,15/05/2024,655.3406,660.4407,647.7635,648.1745
Canola,RS1:COM,14/05/2024,667.7102,668.8783,653.883,654.6701
Canola,RS1:COM,13/05/2024,661.4028,669.226,658.1414,668.11
Canola,RS1:COM,11/05/2024,661.0188,661.0188,661.0188,661.0188
Canola,RS1:COM,10/05/2024,650.9713,664.8281,647.3088,661.0188
Canola,RS1:COM,09/05/2024,655.3198,660.8413,649.0448,651.576
Canola,RS1:COM,08/05/2024,666.4852,666.4852,655.3685,655.716
Canola,RS1:COM,07/05/2024,667.1645,668.1479,664.4932,667.4593
Canola,RS1:COM,06/05/2024,638.6,653.9,635.3,652.1
Canola,RS1:COM,03/05/2024,616.4841,616.5489,616.3633,616.3819
Canola,RS1:COM,02/05/2024,605.1439,618.3264,605.1439,616.6729
Canola,RS1:COM,01/05/2024,600.7963,609.5778,598.5722,608.3705
Canola,RS1:COM,30/04/2024,615.0637,615.803,599.2818,599.5997
Canola,RS1:COM,29/04/2024,618.6405,629.8776,614.9044,615.0783
Canola,RS1:COM,27/04/2024,620.8372,620.8372,620.8372,620.8372
Canola,RS1:COM,26/04/2024,616.9512,626.0625,616.9433,620.8372
Canola,RS1:COM,25/04/2024,625.9816,628.0226,616.0371,622.6944
Canola,RS1:COM,24/04/2024,632.3187,641.8201,625.0697,625.9891
Canola,RS1:COM,23/04/2024,623.6,637.2044,623.1,633.6156
Canola,RS1:COM,22/04/2024,610.8,629.4,610.1,625.7
Canola,RS1:COM,19/04/2024,608.5,613.1,605.2,610.4
Canola,RS1:COM,18/04/2024,609.5,614.8,607.1,607.5
Canola,RS1:COM,17/04/2024,612.1,614.7,603.5,608.2
Canola,RS1:COM,16/04/2024,619.9,625.9,611.7,612.4
Canola,RS1:COM,15/04/2024,632.4,634.6,619.5,619.7
Canola,RS1:COM,12/04/2024,623.7,636.9,620,632.1
Canola,RS1:COM,11/04/2024,638.1,638.3,621.4,624.6
Canola,RS1:COM,10/04/2024,638.2,643.4,636.5,638.4
Canola,RS1:COM,09/04/2024,637.5,642.1,634,640
Canola,RS1:COM,08/04/2024,642.2,643.6,637.4,638.3
Canola,RS1:COM,05/04/2024,633.6,643.6,632.4,643.1
Canola,RS1:COM,04/04/2024,634.1,636.5,628.2,633.6
Canola,RS1:COM,03/04/2024,635.3,644.7,632.8,634.2
Canola,RS1:COM,02/04/2024,634,645.4,631.7,635.3
Canola,RS1:COM,01/04/2024,629.2,636.6,625.4,634.2
Canola,RS1:COM,28/03/2024,627.3,630.1,615.7,626.4
Canola,RS1:COM,27/03/2024,639.1,639.5,624.4,627.2
Canola,RS1:COM,26/03/2024,647.4,648,637.8,638.5
Canola,RS1:COM,25/03/2024,634.1,650.2,630.9,649.7
Canola,RS1:COM,22/03/2024,642.5,643.7,632,634.5
Canola,RS1:COM,21/03/2024,648.5,652.1,636.9,642.9
Canola,RS1:COM,20/03/2024,634,650,633,648.6
Canola,RS1:COM,19/03/2024,631.3,635.9,629.3,634.5
Canola,RS1:COM,18/03/2024,630.8,635.3,629.1,631.7
Canola,RS1:COM,15/03/2024,623.1,631.7,619.2,630.6
Canola,RS1:COM,14/03/2024,613,613,613,613
Canola,RS1:COM,13/03/2024,614.8,614.8,614.8,614.8
Canola,RS1:COM,12/03/2024,617.5,617.5,617.5,617.5
Canola,RS1:COM,11/03/2024,605.5,605.5,605.5,605.5
Canola,RS1:COM,08/03/2024,599.4,599.4,599.4,599.4
Canola,RS1:COM,07/03/2024,595.3,595.3,595.3,595.3
Canola,RS1:COM,06/03/2024,585,586.2,585,586.2
Canola,RS1:COM,05/03/2024,578.9,578.9,578.9,578.9
Canola,RS1:COM,04/03/2024,579.6,579.6,579.6,579.6
Canola,RS1:COM,01/03/2024,574.4,574.4,574.4,574.4
Canola,RS1:COM,29/02/2024,576.2,583,572.5,577.3
Canola,RS1:COM,28/02/2024,578,579.2,571.5,577.2
Canola,RS1:COM,27/02/2024,584.1,592.9,572,577.1
Canola,RS1:COM,26/02/2024,574.7,582.9,572.5,581.1
Canola,RS1:COM,23/02/2024,570.1,574.8,566.6,572.4
Canola,RS1:COM,22/02/2024,574.1,582.2,569.5,570.4
Canola,RS1:COM,21/02/2024,582.6,590.4,573,574
Canola,RS1:COM,20/02/2024,580,594.2,580,584.8
Canola,RS1:COM,16/02/2024,567.2,578.2,565.6,577.4
Canola,RS1:COM,15/02/2024,579.9,582.7,566,567
Canola,RS1:COM,14/02/2024,595.5,596.1,578.8,580.8
Canola,RS1:COM,13/02/2024,590.5,597.4,588.5,595.5
Canola,RS1:COM,12/02/2024,587,595.8,585.1,591
Canola,RS1:COM,09/02/2024,592.6,598.4,586.3,588.4
Canola,RS1:COM,08/02/2024,593.4,600.8,590.8,595.7
Canola,RS1:COM,07/02/2024,593.1,595.3,577.6,593.5
Canola,RS1:COM,06/02/2024,598.4,604,591.9,593.7
Canola,RS1:COM,05/02/2024,590.4,599.5,588.7,598.3
Canola,RS1:COM,02/02/2024,601.2,603.1,590.3,592.1
Canola,RS1:COM,01/02/2024,610.1,610.5,600.5,601.2
Canola,RS1:COM,31/01/2024,610.4,613.1,601.4,610.4
Canola,RS1:COM,30/01/2024,607.2,615.6,599,613.5
Canola,RS1:COM,29/01/2024,621.1,625.1,607.3,608.7
Canola,RS1:COM,26/01/2024,623.1,625.7,613.4,624.2
Sunflower Oil,SUNF:COM,24/01/2025,1273.4,1273.4,1273.4,1273.4
Sunflower Oil,SUNF:COM,23/01/2025,1273.8,1273.8,1273.8,1273.8
Sunflower Oil,SUNF:COM,22/01/2025,1282.5,1282.5,1282.5,1282.5
Sunflower Oil,SUNF:COM,21/01/2025,1301,1301,1301,1301
Sunflower Oil,SUNF:COM,20/01/2025,1290.3,1290.3,1290.3,1290.3
Sunflower Oil,SUNF:COM,17/01/2025,1291.4,1291.4,1291.4,1291.4
Sunflower Oil,SUNF:COM,16/01/2025,1303.9,1303.9,1303.9,1303.9
Sunflower Oil,SUNF:COM,15/01/2025,1304.1,1304.1,1304.1,1304.1
Sunflower Oil,SUNF:COM,14/01/2025,1304.4,1304.4,1304.4,1304.4
Sunflower Oil,SUNF:COM,13/01/2025,1304.6,1304.6,1304.6,1304.6
Sunflower Oil,SUNF:COM,10/01/2025,1264.9,1264.9,1264.9,1264.9
Sunflower Oil,SUNF:COM,09/01/2025,1247.6,1247.6,1247.6,1247.6
Sunflower Oil,SUNF:COM,08/01/2025,1247.6,1247.6,1247.6,1247.6
Sunflower Oil,SUNF:COM,07/01/2025,1252.7,1252.7,1252.7,1252.7
Sunflower Oil,SUNF:COM,06/01/2025,1250.5,1250.5,1250.5,1250.5
Sunflower Oil,SUNF:COM,03/01/2025,1258.9,1258.9,1258.9,1258.9
Sunflower Oil,SUNF:COM,02/01/2025,1265,1265,1265,1265
Sunflower Oil,SUNF:COM,01/01/2025,1269.5,1269.5,1269.5,1269.5
Sunflower Oil,SUNF:COM,31/12/2024,1268.4,1276.1,1268.4,1268.4
Sunflower Oil,SUNF:COM,30/12/2024,1272.3,1272.3,1272.3,1272.3
Sunflower Oil,SUNF:COM,27/12/2024,1271,1271,1271,1271
Sunflower Oil,SUNF:COM,26/12/2024,1255.3,1255.3,1255.3,1255.3
Sunflower Oil,SUNF:COM,24/12/2024,1245.9,1245.9,1245.9,1245.9
Sunflower Oil,SUNF:COM,23/12/2024,1254.7,1254.7,1254.7,1254.7
Sunflower Oil,SUNF:COM,20/12/2024,1261.4,1261.4,1261.4,1261.4
Sunflower Oil,SUNF:COM,19/12/2024,1260,1260,1260,1260
Sunflower Oil,SUNF:COM,18/12/2024,1257.2,1257.2,1257.2,1257.2
Sunflower Oil,SUNF:COM,17/12/2024,1264.7,1264.7,1264.7,1264.7
Sunflower Oil,SUNF:COM,16/12/2024,1274.8,1274.8,1274.8,1274.8
Sunflower Oil,SUNF:COM,13/12/2024,1281.5,1281.5,1281.5,1281.5
Sunflower Oil,SUNF:COM,12/12/2024,1286.9,1286.9,1286.9,1286.9
Sunflower Oil,SUNF:COM,11/12/2024,1292.8,1292.8,1292.8,1292.8
Sunflower Oil,SUNF:COM,10/12/2024,1290,1290,1290,1290
Sunflower Oil,SUNF:COM,09/12/2024,1304.1,1304.1,1304.1,1304.1
Sunflower Oil,SUNF:COM,06/12/2024,1307.5,1307.5,1307.5,1307.5
Sunflower Oil,SUNF:COM,05/12/2024,1308,1308,1308,1308
Sunflower Oil,SUNF:COM,04/12/2024,1309,1309,1309,1309
Sunflower Oil,SUNF:COM,03/12/2024,1315.4,1315.4,1315.4,1315.4
Sunflower Oil,SUNF:COM,02/12/2024,1314.6,1314.6,1314.6,1314.6
Sunflower Oil,SUNF:COM,29/11/2024,1320,1320,1320,1320
Sunflower Oil,SUNF:COM,28/11/2024,1302.2,1302.2,1302.2,1302.2
Sunflower Oil,SUNF:COM,27/11/2024,1319,1319,1319,1319
Sunflower Oil,SUNF:COM,26/11/2024,1306.7,1306.7,1306.7,1306.7
Sunflower Oil,SUNF:COM,25/11/2024,1314.7,1314.7,1314.7,1314.7
Sunflower Oil,SUNF:COM,22/11/2024,1326.1,1326.1,1326.1,1326.1
Sunflower Oil,SUNF:COM,21/11/2024,1335.8,1335.8,1335.8,1335.8
Sunflower Oil,SUNF:COM,19/11/2024,1333.6,1333.6,1333.6,1333.6
Sunflower Oil,SUNF:COM,18/11/2024,1325.3,1325.3,1325.3,1325.3
Sunflower Oil,SUNF:COM,14/11/2024,1330.3,1330.3,1330.3,1330.3
Sunflower Oil,SUNF:COM,13/11/2024,1313.4,1313.4,1313.4,1313.4
Sunflower Oil,SUNF:COM,12/11/2024,1323.3,1323.3,1323.3,1323.3
Sunflower Oil,SUNF:COM,11/11/2024,1350.4,1350.4,1350.4,1350.4
Sunflower Oil,SUNF:COM,08/11/2024,1339.2,1339.2,1339.2,1339.2
Sunflower Oil,SUNF:COM,07/11/2024,1333.4,1333.4,1333.4,1333.4
Sunflower Oil,SUNF:COM,06/11/2024,1325.6,1325.6,1325.6,1325.6
Sunflower Oil,SUNF:COM,05/11/2024,1326.3,1326.3,1326.3,1326.3
Sunflower Oil,SUNF:COM,04/11/2024,1326.5,1326.5,1326.5,1326.5
Sunflower Oil,SUNF:COM,31/10/2024,1286.9,1286.9,1286.9,1286.9
Sunflower Oil,SUNF:COM,30/10/2024,1289.6,1289.6,1289.6,1289.6
Sunflower Oil,SUNF:COM,29/10/2024,1280,1280,1280,1280
Sunflower Oil,SUNF:COM,28/10/2024,1280.8,1280.8,1280.8,1280.8
Sunflower Oil,SUNF:COM,25/10/2024,1277.6,1277.6,1277.6,1277.6
Sunflower Oil,SUNF:COM,24/10/2024,1230,1230,1230,1230
Sunflower Oil,SUNF:COM,23/10/2024,1228.7,1228.7,1228.7,1228.7
Sunflower Oil,SUNF:COM,22/10/2024,1205.9,1205.9,1205.9,1205.9
Sunflower Oil,SUNF:COM,21/10/2024,1203.4,1203.4,1203.4,1203.4
Sunflower Oil,SUNF:COM,18/10/2024,1196.2,1196.2,1196.2,1196.2
Sunflower Oil,SUNF:COM,17/10/2024,1209.9,1209.9,1209.9,1209.9
Sunflower Oil,SUNF:COM,16/10/2024,1225.2,1225.2,1225.2,1225.2
Sunflower Oil,SUNF:COM,15/10/2024,1202.9,1202.9,1202.9,1202.9
Sunflower Oil,SUNF:COM,14/10/2024,1205,1205,1205,1205
Sunflower Oil,SUNF:COM,11/10/2024,1207.2,1207.2,1207.2,1207.2
Sunflower Oil,SUNF:COM,10/10/2024,1191.8,1191.8,1191.8,1191.8
Sunflower Oil,SUNF:COM,09/10/2024,1214.2,1214.2,1214.2,1214.2
Sunflower Oil,SUNF:COM,08/10/2024,1222.9,1222.9,1222.9,1222.9
Sunflower Oil,SUNF:COM,07/10/2024,1195,1195,1195,1195
Sunflower Oil,SUNF:COM,04/10/2024,1199.1,1199.1,1199.1,1199.1
Sunflower Oil,SUNF:COM,03/10/2024,1175.5,1175.5,1175.5,1175.5
Sunflower Oil,SUNF:COM,01/10/2024,1165.5,1165.5,1165.5,1165.5
Sunflower Oil,SUNF:COM,30/09/2024,1164.7,1164.7,1164.7,1164.7
Sunflower Oil,SUNF:COM,27/09/2024,1190.7,1190.7,1190.7,1190.7
Sunflower Oil,SUNF:COM,26/09/2024,1178.7,1178.7,1178.7,1178.7
Sunflower Oil,SUNF:COM,25/09/2024,1175.1,1175.1,1175.1,1175.1
Sunflower Oil,SUNF:COM,24/09/2024,1151.4,1151.4,1151.4,1151.4
Sunflower Oil,SUNF:COM,23/09/2024,1159.2,1159.2,1159.2,1159.2
Sunflower Oil,SUNF:COM,20/09/2024,1149,1149,1149,1149
Sunflower Oil,SUNF:COM,19/09/2024,1128.4,1128.4,1128.4,1128.4
Sunflower Oil,SUNF:COM,18/09/2024,1110,1110,1110,1110
Sunflower Oil,SUNF:COM,17/09/2024,1084,1084,1084,1084
Sunflower Oil,SUNF:COM,16/09/2024,1055.4,1055.4,1055.4,1055.4
Sunflower Oil,SUNF:COM,13/09/2024,995.7,995.7,995.7,995.7
Sunflower Oil,SUNF:COM,12/09/2024,990.6,990.6,990.6,990.6
Sunflower Oil,SUNF:COM,11/09/2024,969.2,969.2,969.2,969.2
Sunflower Oil,SUNF:COM,10/09/2024,945.9,945.9,945.9,945.9
Sunflower Oil,SUNF:COM,09/09/2024,944.6,944.6,944.6,944.6
Sunflower Oil,SUNF:COM,06/09/2024,945.5,945.5,945.5,945.5
Sunflower Oil,SUNF:COM,05/09/2024,940.5,940.5,940.5,940.5
Sunflower Oil,SUNF:COM,04/09/2024,936,936,936,936
Sunflower Oil,SUNF:COM,03/09/2024,936.4,936.4,936.4,936.4
Sunflower Oil,SUNF:COM,02/09/2024,936.4,936.4,936.4,936.4
Sunflower Oil,SUNF:COM,30/08/2024,930.5,930.5,930.5,930.5
Sunflower Oil,SUNF:COM,29/08/2024,927,927,927,927
Sunflower Oil,SUNF:COM,28/08/2024,923.5,923.5,923.5,923.5
Sunflower Oil,SUNF:COM,27/08/2024,923.5,923.5,923.5,923.5
Sunflower Oil,SUNF:COM,26/08/2024,918.2,918.2,918.2,918.2
Sunflower Oil,SUNF:COM,23/08/2024,911.2,911.2,911.2,911.2
Sunflower Oil,SUNF:COM,22/08/2024,906.8,906.8,906.8,906.8
Sunflower Oil,SUNF:COM,21/08/2024,902.2,902.2,902.2,902.2
Sunflower Oil,SUNF:COM,20/08/2024,900.7,900.7,900.7,900.7
Sunflower Oil,SUNF:COM,19/08/2024,901,901,901,901
Sunflower Oil,SUNF:COM,16/08/2024,892.3,892.3,892.3,892.3
Sunflower Oil,SUNF:COM,14/08/2024,901,901,901,901
Sunflower Oil,SUNF:COM,13/08/2024,900,900,900,900
Sunflower Oil,SUNF:COM,12/08/2024,893.2,893.2,893.2,893.2
Sunflower Oil,SUNF:COM,09/08/2024,893.8,893.8,893.8,893.8
Sunflower Oil,SUNF:COM,08/08/2024,890.3,890.3,890.3,890.3
Sunflower Oil,SUNF:COM,07/08/2024,896,896,896,896
Sunflower Oil,SUNF:COM,06/08/2024,903.2,903.2,903.2,903.2
Sunflower Oil,SUNF:COM,05/08/2024,909,909,909,909
Sunflower Oil,SUNF:COM,02/08/2024,905.1,905.1,905.1,905.1
Sunflower Oil,SUNF:COM,01/08/2024,894.9,894.9,894.9,894.9
Sunflower Oil,SUNF:COM,31/07/2024,908.2,908.2,908.2,908.2
Sunflower Oil,SUNF:COM,30/07/2024,907.1,907.1,907.1,907.1
Sunflower Oil,SUNF:COM,29/07/2024,913,913,913,913
Sunflower Oil,SUNF:COM,26/07/2024,914.3,914.3,914.3,914.3
Sunflower Oil,SUNF:COM,25/07/2024,915,915,915,915
Sunflower Oil,SUNF:COM,24/07/2024,903.7,903.7,903.7,903.7
Sunflower Oil,SUNF:COM,23/07/2024,904.3,904.3,904.3,904.3
Sunflower Oil,SUNF:COM,22/07/2024,911.4,911.4,911.4,911.4
Sunflower Oil,SUNF:COM,19/07/2024,904.6,904.6,904.6,904.6
Sunflower Oil,SUNF:COM,18/07/2024,902.7,902.7,902.7,902.7
Sunflower Oil,SUNF:COM,16/07/2024,906.8,906.8,906.8,906.8
Sunflower Oil,SUNF:COM,15/07/2024,906.3,906.3,906.3,906.3
Sunflower Oil,SUNF:COM,12/07/2024,910.7,910.7,910.7,910.7
Sunflower Oil,SUNF:COM,11/07/2024,912.8,912.8,912.8,912.8
Sunflower Oil,SUNF:COM,10/07/2024,911.2,911.2,911.2,911.2
Sunflower Oil,SUNF:COM,09/07/2024,913.2,913.2,913.2,913.2
Sunflower Oil,SUNF:COM,08/07/2024,920.5,920.5,920.5,920.5
Sunflower Oil,SUNF:COM,05/07/2024,926.2,926.2,926.2,926.2
Sunflower Oil,SUNF:COM,04/07/2024,932,932,932,932
Sunflower Oil,SUNF:COM,03/07/2024,929.4,929.4,929.4,929.4
Sunflower Oil,SUNF:COM,02/07/2024,929.1,929.1,929.1,929.1
Sunflower Oil,SUNF:COM,01/07/2024,924.9,924.9,924.9,924.9
Sunflower Oil,SUNF:COM,28/06/2024,925.6,925.6,910.9,925.6
Sunflower Oil,SUNF:COM,27/06/2024,927.5,927.5,927.5,927.5
Sunflower Oil,SUNF:COM,26/06/2024,928.5,928.5,928.5,928.5
Sunflower Oil,SUNF:COM,25/06/2024,931.2,931.2,931.2,931.2
Sunflower Oil,SUNF:COM,24/06/2024,932.6,932.6,932.6,932.6
Sunflower Oil,SUNF:COM,21/06/2024,932.3,932.3,932.3,932.3
Sunflower Oil,SUNF:COM,20/06/2024,933.2,933.2,933.2,933.2
Sunflower Oil,SUNF:COM,19/06/2024,936.9,936.9,936.9,936.9
Sunflower Oil,SUNF:COM,18/06/2024,937.8,937.8,937.8,937.8
Sunflower Oil,SUNF:COM,14/06/2024,943.2,943.2,943.2,943.2
Sunflower Oil,SUNF:COM,13/06/2024,939.9,939.9,939.9,939.9
Sunflower Oil,SUNF:COM,12/06/2024,937.2,937.2,937.2,937.2
Sunflower Oil,SUNF:COM,11/06/2024,934.4,934.4,934.4,934.4
Sunflower Oil,SUNF:COM,10/06/2024,925.4,925.4,925.4,925.4
Sunflower Oil,SUNF:COM,07/06/2024,921.1,921.1,921.1,921.1
Sunflower Oil,SUNF:COM,06/06/2024,916.3,916.3,916.3,916.3
Sunflower Oil,SUNF:COM,05/06/2024,916.3,916.3,916.3,916.3
Sunflower Oil,SUNF:COM,04/06/2024,909.7,909.7,909.7,909.7
Sunflower Oil,SUNF:COM,03/06/2024,917,917,917,917
Sunflower Oil,SUNF:COM,31/05/2024,930.7,930.7,930.7,930.7
Sunflower Oil,SUNF:COM,30/05/2024,902.5,902.5,902.5,902.5
Sunflower Oil,SUNF:COM,29/05/2024,905.6,905.6,905.6,905.6
Sunflower Oil,SUNF:COM,28/05/2024,905.2,905.2,905.2,905.2
Sunflower Oil,SUNF:COM,27/05/2024,900.2,900.2,900.2,900.2
Sunflower Oil,SUNF:COM,24/05/2024,879.5,902.5,879.5,879.5
Sunflower Oil,SUNF:COM,23/05/2024,893.9,893.9,884.2,893.9
Sunflower Oil,SUNF:COM,22/05/2024,873.1,873.1,873.1,873.1
Sunflower Oil,SUNF:COM,21/05/2024,867.8,867.8,867.8,867.8
Sunflower Oil,SUNF:COM,17/05/2024,856.8,856.8,856.8,856.8
Sunflower Oil,SUNF:COM,16/05/2024,851.9,851.9,851.9,851.9
Sunflower Oil,SUNF:COM,15/05/2024,853.2,853.2,853.2,853.2
Sunflower Oil,SUNF:COM,14/05/2024,853.5,853.5,853.5,853.5
Sunflower Oil,SUNF:COM,13/05/2024,858.2,858.2,858.2,858.2
Sunflower Oil,SUNF:COM,10/05/2024,852.1,852.1,852.1,852.1
Sunflower Oil,SUNF:COM,09/05/2024,853.7,853.7,853.7,853.7
Sunflower Oil,SUNF:COM,08/05/2024,853,853,853,853
Sunflower Oil,SUNF:COM,07/05/2024,854.1,854.1,854.1,854.1
Sunflower Oil,SUNF:COM,06/05/2024,851.6,851.6,851.6,851.6
Sunflower Oil,SUNF:COM,03/05/2024,848.1,848.1,848.1,848.1
Sunflower Oil,SUNF:COM,02/05/2024,854.5,854.5,854.5,854.5
Sunflower Oil,SUNF:COM,30/04/2024,858.9,858.9,858.9,858.9
Sunflower Oil,SUNF:COM,29/04/2024,862.8,862.8,862.8,862.8
Sunflower Oil,SUNF:COM,26/04/2024,866.7,866.7,866.7,866.7
Sunflower Oil,SUNF:COM,25/04/2024,865.5,865.5,865.5,865.5
Sunflower Oil,SUNF:COM,24/04/2024,868.3,868.3,868.3,868.3
Sunflower Oil,SUNF:COM,23/04/2024,870.1,870.1,870.1,870.1
Sunflower Oil,SUNF:COM,22/04/2024,866.4,866.4,866.4,866.4
Sunflower Oil,SUNF:COM,19/04/2024,867.7,867.7,867.7,867.7
Sunflower Oil,SUNF:COM,18/04/2024,870,870,870,870
Sunflower Oil,SUNF:COM,16/04/2024,867.9,867.9,867.9,867.9
Sunflower Oil,SUNF:COM,15/04/2024,873.1,873.1,873.1,873.1
Sunflower Oil,SUNF:COM,12/04/2024,870.4,870.4,870.4,870.4
Sunflower Oil,SUNF:COM,10/04/2024,872.8,872.8,872.8,872.8
Sunflower Oil,SUNF:COM,09/04/2024,875.5,875.5,875.5,875.5
Sunflower Oil,SUNF:COM,08/04/2024,875,875,875,875
Sunflower Oil,SUNF:COM,05/04/2024,880,880,880,880
Sunflower Oil,SUNF:COM,04/04/2024,880,880,880,880
Sunflower Oil,SUNF:COM,03/04/2024,875,875,875,875
Sunflower Oil,SUNF:COM,02/04/2024,855,855,855,855
Sunflower Oil,SUNF:COM,01/04/2024,855,855,855,855
Sunflower Oil,SUNF:COM,29/03/2024,855,855,855,855
Sunflower Oil,SUNF:COM,28/03/2024,855,855,855,855
Sunflower Oil,SUNF:COM,27/03/2024,855,855,855,855
Sunflower Oil,SUNF:COM,26/03/2024,855,855,855,855
Sunflower Oil,SUNF:COM,25/03/2024,860,860,860,860
Sunflower Oil,SUNF:COM,22/03/2024,855,855,855,855
Sunflower Oil,SUNF:COM,21/03/2024,855,855,855,855
Sunflower Oil,SUNF:COM,20/03/2024,850,850,850,850
Sunflower Oil,SUNF:COM,19/03/2024,850,850,850,850
Sunflower Oil,SUNF:COM,18/03/2024,845,845,845,845
Sunflower Oil,SUNF:COM,15/03/2024,845,845,845,845
Sunflower Oil,SUNF:COM,14/03/2024,845,845,845,845
Sunflower Oil,SUNF:COM,13/03/2024,845,845,845,845
Sunflower Oil,SUNF:COM,12/03/2024,840,840,840,840
Sunflower Oil,SUNF:COM,11/03/2024,835,835,835,835
Sunflower Oil,SUNF:COM,08/03/2024,825,825,825,825
Sunflower Oil,SUNF:COM,07/03/2024,820,820,820,820
Sunflower Oil,SUNF:COM,06/03/2024,815,815,815,815
Sunflower Oil,SUNF:COM,05/03/2024,810,810,810,810
Sunflower Oil,SUNF:COM,04/03/2024,810,810,810,810
Sunflower Oil,SUNF:COM,01/03/2024,810,810,810,810
Sunflower Oil,SUNF:COM,29/02/2024,810,810,810,810
Sunflower Oil,SUNF:COM,28/02/2024,810,810,810,810
Sunflower Oil,SUNF:COM,27/02/2024,810,810,810,810
Sunflower Oil,SUNF:COM,26/02/2024,810,810,810,810
Sunflower Oil,SUNF:COM,23/02/2024,810,810,810,810
Sunflower Oil,SUNF:COM,22/02/2024,815,815,815,815
Sunflower Oil,SUNF:COM,21/02/2024,815,815,815,815
Sunflower Oil,SUNF:COM,20/02/2024,820,820,820,820
Sunflower Oil,SUNF:COM,19/02/2024,825,825,825,825
Sunflower Oil,SUNF:COM,16/02/2024,825,825,825,825
Sunflower Oil,SUNF:COM,15/02/2024,825,825,825,825
Sunflower Oil,SUNF:COM,14/02/2024,830,830,830,830
Sunflower Oil,SUNF:COM,13/02/2024,825,825,825,825
Sunflower Oil,SUNF:COM,12/02/2024,825,825,825,825
Sunflower Oil,SUNF:COM,09/02/2024,825,825,825,825
Sunflower Oil,SUNF:COM,08/02/2024,825,825,825,825
Sunflower Oil,SUNF:COM,07/02/2024,825,825,825,825
Sunflower Oil,SUNF:COM,06/02/2024,835,835,835,835
Sunflower Oil,SUNF:COM,05/02/2024,835,835,835,835
Sunflower Oil,SUNF:COM,02/02/2024,830,830,830,830
Sunflower Oil,SUNF:COM,01/02/2024,830,830,830,830
Sunflower Oil,SUNF:COM,31/01/2024,835,835,835,835
Sunflower Oil,SUNF:COM,30/01/2024,845,845,845,845
Sunflower Oil,SUNF:COM,29/01/2024,845,845,845,845
Sunflower Oil,SUNF:COM,26/01/2024,845,845,845,845
Rapeseed,RSO:COM,24/01/2025,525.4865,525.5418,520.4311,522.2558
Rapeseed,RSO:COM,23/01/2025,525.7802,526.7944,520.0909,525.488
Rapeseed,RSO:COM,22/01/2025,530.7298,539.0471,524.7727,525.2314
Rapeseed,RSO:COM,21/01/2025,531.5478,533.9943,525.5154,530.7408
Rapeseed,RSO:COM,20/01/2025,529.6234,535.2959,525.4755,531.5645
Rapeseed,RSO:COM,18/01/2025,529.1224,529.1224,529.1224,529.1224
Rapeseed,RSO:COM,17/01/2025,526.0286,534.8962,523.5188,529.1224
Rapeseed,RSO:COM,16/01/2025,536.2787,536.2928,523.4282,525.2904
Rapeseed,RSO:COM,15/01/2025,537.2794,542.2941,532.2629,536.2762
Rapeseed,RSO:COM,14/01/2025,541.5351,546.5438,535.309,536.9744
Rapeseed,RSO:COM,13/01/2025,542.759,546.2992,538.5196,541.516
Rapeseed,RSO:COM,10/01/2025,533.2851,547.2902,524.0404,541.759
Rapeseed,RSO:COM,09/01/2025,528.7759,538.276,523.2874,533.0357
Rapeseed,RSO:COM,08/01/2025,520.2261,529.2511,515.2939,528.7793
Rapeseed,RSO:COM,07/01/2025,513.4956,522.7772,509.4683,519.9779
Rapeseed,RSO:COM,06/01/2025,510.4486,519.5029,509.7777,513.4706
Rapeseed,RSO:COM,03/01/2025,524.4794,524.5391,507.7083,510.4377
Rapeseed,RSO:COM,02/01/2025,510.0378,524.774,506.0305,524.5511
Rapeseed,RSO:COM,01/01/2025,509.9905,510.0444,509.9651,510.0319
Rapeseed,RSO:COM,31/12/2024,511.5407,513.915,505.081,510.015
Rapeseed,RSO:COM,30/12/2024,517.5412,522.0232,511.2452,511.2849
Rapeseed,RSO:COM,28/12/2024,517.2191,517.2191,517.2191,517.2191
Rapeseed,RSO:COM,27/12/2024,538.0356,542.7871,517.2153,517.2191
Rapeseed,RSO:COM,26/12/2024,537.9515,538.0525,537.9515,538.021
Rapeseed,RSO:COM,25/12/2024,550.0454,550.055,549.9348,549.9557
Rapeseed,RSO:COM,24/12/2024,525.0159,538.1677,521.4764,538.0352
Rapeseed,RSO:COM,23/12/2024,516.7799,526.4681,514.5027,524.8004
Rapeseed,RSO:COM,21/12/2024,516.2225,516.2225,516.2225,516.2225
Rapeseed,RSO:COM,20/12/2024,524.0513,529.0483,516.1051,516.2225
Rapeseed,RSO:COM,19/12/2024,522.014,529.4984,520.2987,524.2474
Rapeseed,RSO:COM,18/12/2024,537.3033,537.3033,519.7564,521.5487
Rapeseed,RSO:COM,17/12/2024,542.2568,550.9724,536.1994,537.0072
Rapeseed,RSO:COM,16/12/2024,547.8023,552.8047,539.9175,542.0047
Rapeseed,RSO:COM,13/12/2024,537.78,555.47,535.5155,547.0474
Rapeseed,RSO:COM,12/12/2024,534.2753,547.0129,533.0366,537.6954
Rapeseed,RSO:COM,11/12/2024,536.5149,541.2995,531.4608,534.013
Rapeseed,RSO:COM,10/12/2024,532.7205,537.5296,526.5224,535.7631
Rapeseed,RSO:COM,09/12/2024,526.0353,533.2092,522.0641,532.5238
Rapeseed,RSO:COM,07/12/2024,525.7915,525.7915,525.7915,525.7915
Rapeseed,RSO:COM,06/12/2024,529.2948,537.0272,520.8619,525.7915
Rapeseed,RSO:COM,05/12/2024,525.4799,532.0057,522.6697,528.7665
Rapeseed,RSO:COM,04/12/2024,527.722,532.5523,518.3341,524.9807
Rapeseed,RSO:COM,03/12/2024,513.4906,529.2279,511.5194,527.2357
Rapeseed,RSO:COM,02/12/2024,507.7797,515.5249,503.3407,513.2941
Rapeseed,RSO:COM,30/11/2024,507.7733,507.7733,507.7733,507.7733
Rapeseed,RSO:COM,29/11/2024,500.7688,514.4593,498.0454,507.7733
Rapeseed,RSO:COM,28/11/2024,493.0368,502.513,490.224,500.2558
Rapeseed,RSO:COM,27/11/2024,506.4762,509.2861,492.4908,492.7785
Rapeseed,RSO:COM,26/11/2024,512.7806,518.6763,504.453,506.4824
Rapeseed,RSO:COM,25/11/2024,508.7817,516.0061,506.5383,512.7737
Rapeseed,RSO:COM,23/11/2024,508.272,508.272,508.272,508.272
Rapeseed,RSO:COM,22/11/2024,510.7579,517.8227,506.6615,508.272
Rapeseed,RSO:COM,21/11/2024,531.7804,534.0104,510.227,510.7705
Rapeseed,RSO:COM,20/11/2024,541.0379,541.0379,528.5058,531.2786
Rapeseed,RSO:COM,19/11/2024,542.5168,548.2849,539.9724,540.7844
Rapeseed,RSO:COM,18/11/2024,539.2945,544.28,536.0307,542.5058
Rapeseed,RSO:COM,16/11/2024,538.7854,538.7854,538.7854,538.7854
Rapeseed,RSO:COM,15/11/2024,530.2844,541.0326,529.0328,538.7854
Rapeseed,RSO:COM,14/11/2024,534.776,542.3824,529.2641,530.265
Rapeseed,RSO:COM,13/11/2024,536.2687,543.8125,532.2082,534.7687
Rapeseed,RSO:COM,12/11/2024,539.7285,544.8041,531.0323,536.0306
Rapeseed,RSO:COM,11/11/2024,536.7976,540.4878,533.6342,539.4799
Rapeseed,RSO:COM,08/11/2024,533.8,538.0249,530.9777,536.5094
Rapeseed,RSO:COM,07/11/2024,523.0111,533.5309,518.4638,533.0098
Rapeseed,RSO:COM,06/11/2024,511.5207,523.5303,509.258,522.7541
Rapeseed,RSO:COM,05/11/2024,515.7903,515.7904,509.3445,511.5254
Rapeseed,RSO:COM,04/11/2024,515.782,520.0488,513.583,515.7668
Rapeseed,RSO:COM,02/11/2024,515.9442,515.9442,515.9442,515.9442
Rapeseed,RSO:COM,01/11/2024,522.2825,528.0648,511.9949,515.9442
Rapeseed,RSO:COM,31/10/2024,522.0396,523.813,516.6028,521.9723
Rapeseed,RSO:COM,30/10/2024,509.2801,515.0458,502.9331,514.0461
Rapeseed,RSO:COM,29/10/2024,502.7779,512.7684,499.5273,508.4848
Rapeseed,RSO:COM,28/10/2024,504.0388,504.9029,498.7957,502.2228
Rapeseed,RSO:COM,26/10/2024,508.7734,508.7734,508.7734,508.7734
Rapeseed,RSO:COM,25/10/2024,504.7859,509.6803,503.9084,508.7734
Rapeseed,RSO:COM,24/10/2024,508.0326,513.6838,506.4678,507.4574
Rapeseed,RSO:COM,23/10/2024,512.0442,514.0566,505.1641,509.0146
Rapeseed,RSO:COM,22/10/2024,505.0342,512.695,502.802,512.039
Rapeseed,RSO:COM,21/10/2024,498.0332,506.3103,498.0332,505.0388
Rapeseed,RSO:COM,19/10/2024,501.7567,501.7567,501.7567,501.7567
Rapeseed,RSO:COM,18/10/2024,485.2773,502.6273,485.2773,501.7567
Rapeseed,RSO:COM,17/10/2024,490.2894,497.2532,490.2135,495.7783
Rapeseed,RSO:COM,16/10/2024,491.2834,499.7312,490.7384,492.5171
Rapeseed,RSO:COM,15/10/2024,495.2984,501.2824,485.8136,490.7888
Rapeseed,RSO:COM,14/10/2024,499.2783,499.2851,492.2963,496.2639
Rapeseed,RSO:COM,12/10/2024,499.2909,499.2909,499.2909,499.2909
Rapeseed,RSO:COM,11/10/2024,494.542,502.0234,493.0444,499.2909
Rapeseed,RSO:COM,10/10/2024,489.546,497.0201,488.1677,494.7529
Rapeseed,RSO:COM,09/10/2024,484.7853,491.2686,483.223,489.7634
Rapeseed,RSO:COM,08/10/2024,490.2886,490.2886,481.743,484.2695
Rapeseed,RSO:COM,07/10/2024,491.7836,493.4313,482.9713,490.2474
Rapeseed,RSO:COM,04/10/2024,481.0368,489.7207,481.0197,486.7249
Rapeseed,RSO:COM,03/10/2024,478.2886,481.9855,470.2575,480.7258
Rapeseed,RSO:COM,02/10/2024,477.2879,486.1807,474.3988,478.2214
Rapeseed,RSO:COM,01/10/2024,476.2813,481.2456,465.0535,478.2826
Rapeseed,RSO:COM,30/09/2024,469.2917,474.2776,462.9048,470.7367
Rapeseed,RSO:COM,28/09/2024,468.9876,468.9876,468.9876,468.9876
Rapeseed,RSO:COM,27/09/2024,475.2763,480.2835,466.1954,468.9876
Rapeseed,RSO:COM,26/09/2024,471.5449,484.7395,471.4753,475.0187
Rapeseed,RSO:COM,25/09/2024,480.2817,483.7955,473.4523,480.0836
Rapeseed,RSO:COM,24/09/2024,475.2969,481.7644,471.0417,478.5091
Rapeseed,RSO:COM,23/09/2024,463.2765,477.495,463.2765,475.272
Rapeseed,RSO:COM,21/09/2024,463.2254,463.2254,463.2254,463.2254
Rapeseed,RSO:COM,20/09/2024,463.0301,469.1058,460.6955,463.2254
Rapeseed,RSO:COM,19/09/2024,467.0332,469.5449,459.2904,464.5434
Rapeseed,RSO:COM,18/09/2024,459.7764,470.0981,459.7764,464.9855
Rapeseed,RSO:COM,17/09/2024,457.2871,464.2278,456.624,461.778
Rapeseed,RSO:COM,16/09/2024,456.2929,460.5933,453.1989,457.229
Rapeseed,RSO:COM,14/09/2024,455.9944,455.9944,455.9944,455.9944
Rapeseed,RSO:COM,13/09/2024,461.5389,467.5246,455.967,455.9944
Rapeseed,RSO:COM,12/09/2024,466.0409,467.4652,463.0742,466.2905
Rapeseed,RSO:COM,11/09/2024,467.7911,469.2995,462.1976,466.0169
Rapeseed,RSO:COM,10/09/2024,466.539,468.3533,462.2274,463.24
Rapeseed,RSO:COM,09/09/2024,467.5332,471.4881,466.236,468.7174
Rapeseed,RSO:COM,07/09/2024,464.2645,464.2645,464.2645,464.2645
Rapeseed,RSO:COM,06/09/2024,478.0336,478.0422,460.9105,464.2645
Rapeseed,RSO:COM,05/09/2024,466.5382,474.991,465.5965,473.2342
Rapeseed,RSO:COM,04/09/2024,474.0404,474.0404,463.7276,466.035
Rapeseed,RSO:COM,03/09/2024,465.2802,471.2274,451.9604,469.033
Rapeseed,RSO:COM,02/09/2024,471.0454,471.7469,462.4034,471.2394
Rapeseed,RSO:COM,31/08/2024,470.5074,470.5074,470.5074,470.5074
Rapeseed,RSO:COM,30/08/2024,474.5456,474.5456,465.7346,470.5074
Rapeseed,RSO:COM,29/08/2024,455.2824,471.0083,455.2824,469.2574
Rapeseed,RSO:COM,28/08/2024,463.5435,466.3629,458.6858,461.7227
Rapeseed,RSO:COM,27/08/2024,458.0246,466.7564,457.8654,463.4696
Rapeseed,RSO:COM,26/08/2024,455.7946,460.7423,452.1725,460.6957
Rapeseed,RSO:COM,23/08/2024,450.0372,455.9953,448.0247,452.7894
Rapeseed,RSO:COM,22/08/2024,455.2921,458.5111,447.4755,450.007
Rapeseed,RSO:COM,21/08/2024,445.5262,459.0882,445.5262,457.5269
Rapeseed,RSO:COM,20/08/2024,448.2842,452.4941,445.3012,452.2433
Rapeseed,RSO:COM,19/08/2024,453.7805,455.3025,445.657,453.5175
Rapeseed,RSO:COM,17/08/2024,453.7685,453.7685,453.7685,453.7685
Rapeseed,RSO:COM,16/08/2024,457.2732,458.0147,448.398,453.7685
Rapeseed,RSO:COM,15/08/2024,456.0327,465.3584,455.9912,462.6308
Rapeseed,RSO:COM,14/08/2024,450.2841,459.9159,450.2841,456.4261
Rapeseed,RSO:COM,13/08/2024,460.2416,460.2416,450.228,452.5137
Rapeseed,RSO:COM,12/08/2024,458.0402,463.7479,457.4706,460.2427
Rapeseed,RSO:COM,10/08/2024,464.247,464.247,464.247,464.247
Rapeseed,RSO:COM,09/08/2024,468.0412,473.5518,462.6592,464.247
Rapeseed,RSO:COM,08/08/2024,452.2906,473.5084,452.2906,468.0389
Rapeseed,RSO:COM,07/08/2024,449.5335,461.9944,448.2662,459.5196
Rapeseed,RSO:COM,06/08/2024,458.7794,458.7794,447.3968,449.5364
Rapeseed,RSO:COM,05/08/2024,472.0277,472.0366,450.8874,453.2316
Rapeseed,RSO:COM,02/08/2024,472.792,476.9837,470.1358,472.0301
Rapeseed,RSO:COM,01/08/2024,477.5298,480.3591,470.5431,473.007
Rapeseed,RSO:COM,31/07/2024,474.523,482.5466,474.0139,477.4682
Rapeseed,RSO:COM,30/07/2024,441.0361,461.9745,440.1078,445.0173
Rapeseed,RSO:COM,29/07/2024,450.2829,467.3768,450.2829,457.4836
Rapeseed,RSO:COM,27/07/2024,459.1313,459.1313,459.1313,459.1313
Rapeseed,RSO:COM,26/07/2024,462.0286,483.243,458.1063,459.1313
Rapeseed,RSO:COM,25/07/2024,475.7764,475.7951,464.629,473.5216
Rapeseed,RSO:COM,24/07/2024,491.7782,491.7782,475.4718,475.7803
Rapeseed,RSO:COM,23/07/2024,485.7764,494.2773,485.7764,490.7811
Rapeseed,RSO:COM,22/07/2024,482.7767,494.7083,482.7767,493.0171
Rapeseed,RSO:COM,20/07/2024,486.1521,486.1521,486.1521,486.1521
Rapeseed,RSO:COM,19/07/2024,482.037,491.1575,482.037,486.1521
Rapeseed,RSO:COM,18/07/2024,470.7915,487.7023,470.7915,486.0377
Rapeseed,RSO:COM,17/07/2024,469.2927,478.6447,464.0235,475.5173
Rapeseed,RSO:COM,16/07/2024,462.0244,469.5008,460.0068,466.4726
Rapeseed,RSO:COM,15/07/2024,468.0358,470.23,458.6907,465.2348
Rapeseed,RSO:COM,13/07/2024,473.4687,473.4687,473.4687,473.4687
Rapeseed,RSO:COM,12/07/2024,481.5472,486.0256,469.6418,473.4687
Rapeseed,RSO:COM,11/07/2024,473.275,479.4709,473.275,476.0341
Rapeseed,RSO:COM,10/07/2024,480.042,483.1605,474.4685,476.5453
Rapeseed,RSO:COM,09/07/2024,498.7994,498.7994,481.103,482.6391
Rapeseed,RSO:COM,08/07/2024,504.0321,504.7703,492.7332,493.4671
Rapeseed,RSO:COM,06/07/2024,507.2662,507.2662,507.2662,507.2662
Rapeseed,RSO:COM,05/07/2024,500.2973,508.5773,497.7813,507.2662
Rapeseed,RSO:COM,04/07/2024,500.5495,501.5903,496.0571,500.2236
Rapeseed,RSO:COM,03/07/2024,491.7798,501.0188,490.5202,500.2586
Rapeseed,RSO:COM,02/07/2024,486.2975,495.0115,486.2975,493.219
Rapeseed,RSO:COM,01/07/2024,478.0457,489.2739,474.8059,487.2745
Rapeseed,RSO:COM,29/06/2024,477.7652,477.7652,477.7652,477.7652
Rapeseed,RSO:COM,28/06/2024,469.5417,478.2164,469.5069,477.7652
Rapeseed,RSO:COM,27/06/2024,458.0373,480.8671,458.0373,471.7211
Rapeseed,RSO:COM,26/06/2024,459.0244,469.951,458.9882,469.2724
Rapeseed,RSO:COM,25/06/2024,459.5379,461.1278,456.895,459.7635
Rapeseed,RSO:COM,24/06/2024,461.0279,469.0624,461.0279,461.7935
Rapeseed,RSO:COM,22/06/2024,461.9887,461.9887,461.9887,461.9887
Rapeseed,RSO:COM,21/06/2024,460.0282,476.0209,458.6628,461.9887
Rapeseed,RSO:COM,20/06/2024,463.5326,469.3215,461.507,464.2715
Rapeseed,RSO:COM,19/06/2024,459.0377,468.837,456.0242,464.7697
Rapeseed,RSO:COM,18/06/2024,457.0276,462.6968,454.4893,459.0382
Rapeseed,RSO:COM,17/06/2024,460.5317,463.5349,454.0816,456.976
Rapeseed,RSO:COM,14/06/2024,467.774,473.2893,466.111,467.7617
Rapeseed,RSO:COM,13/06/2024,464.2819,468.7437,460.0429,467.759
Rapeseed,RSO:COM,12/06/2024,469.5352,473.4952,464.1622,464.2244
Rapeseed,RSO:COM,11/06/2024,468.78,471.5436,466.7639,469.4862
Rapeseed,RSO:COM,10/06/2024,462.285,470.4141,462.285,468.7661
Rapeseed,RSO:COM,07/06/2024,472.29,472.7719,463.2348,465.0197
Rapeseed,RSO:COM,06/06/2024,468.2797,476.9673,465.2792,474.4714
Rapeseed,RSO:COM,05/06/2024,469.5453,473.1242,465.8714,467.7877
Rapeseed,RSO:COM,04/06/2024,477.2778,484.2926,469.4968,469.5259
Rapeseed,RSO:COM,03/06/2024,485.0369,488.4461,477.738,479.5213
Rapeseed,RSO:COM,31/05/2024,490.5321,493.2973,485.4917,487.0298
Rapeseed,RSO:COM,30/05/2024,497.5328,497.5447,485.2469,486.0022
Rapeseed,RSO:COM,29/05/2024,488.278,494.9817,487.0088,492.27
Rapeseed,RSO:COM,28/05/2024,489.5396,493.1753,486.2961,487.9754
Rapeseed,RSO:COM,27/05/2024,495.5346,495.5346,486.9694,489.2391
Rapeseed,RSO:COM,25/05/2024,489.9812,489.9812,489.9812,489.9812
Rapeseed,RSO:COM,24/05/2024,495.5063,495.5553,487.752,489.9812
Rapeseed,RSO:COM,23/05/2024,488.0271,498.478,484.7164,495.4983
Rapeseed,RSO:COM,22/05/2024,480.0271,488.4219,480.0144,487.979
Rapeseed,RSO:COM,21/05/2024,483.5321,483.5403,476.3748,479.5222
Rapeseed,RSO:COM,20/05/2024,478.7805,488.6181,476.795,483.5296
Rapeseed,RSO:COM,18/05/2024,478.7516,478.7516,478.7516,478.7516
Rapeseed,RSO:COM,17/05/2024,473.5435,481.0745,473.5116,478.7516
Rapeseed,RSO:COM,16/05/2024,476.0279,476.794,472.4497,473.2403
Rapeseed,RSO:COM,15/05/2024,478.0319,482.0437,473.6741,475.9811
Rapeseed,RSO:COM,14/05/2024,484.0446,485.5324,477.1758,477.5408
Rapeseed,RSO:COM,13/05/2024,479.5321,485.4733,479.5321,484.0123
Rapeseed,RSO:COM,11/05/2024,481.0007,481.0007,481.0007,481.0007
Rapeseed,RSO:COM,10/05/2024,475.0362,482.7567,475.0362,481.0007
Rapeseed,RSO:COM,09/05/2024,480.298,486.598,475.006,475.2531
Rapeseed,RSO:COM,08/05/2024,477.0371,482.9252,474.1255,480.2165
Rapeseed,RSO:COM,07/05/2024,481.0291,483.3005,476.1829,476.982
Rapeseed,RSO:COM,06/05/2024,469.2885,481.9592,467.9814,480.5232
Rapeseed,RSO:COM,04/05/2024,470.018,470.018,470.018,470.018
Rapeseed,RSO:COM,03/05/2024,470.1319,470.9718,468.1361,470.0138
Rapeseed,RSO:COM,02/05/2024,458.2605,468.3298,458.2549,467.3172
Rapeseed,RSO:COM,01/05/2024,458.2852,458.2942,458.2196,458.2702
Rapeseed,RSO:COM,30/04/2024,447.5374,460.1045,399.9823,458.2732
Rapeseed,RSO:COM,29/04/2024,440.2927,449.9444,437.7573,445.2787
Rapeseed,RSO:COM,27/04/2024,439.794,439.794,439.794,439.794
Rapeseed,RSO:COM,26/04/2024,440.5407,444.2856,437.0072,439.794
Rapeseed,RSO:COM,25/04/2024,443.0315,445.2226,437.3809,440.2704
Rapeseed,RSO:COM,24/04/2024,451.0314,451.3342,438.707,441.761
Rapeseed,RSO:COM,23/04/2024,448.5,461.5,448,451.0115
Rapeseed,RSO:COM,22/04/2024,450,458,448,456
Rapeseed,RSO:COM,19/04/2024,451,451.5,446,449.5
Rapeseed,RSO:COM,18/04/2024,446.25,454.75,445.25,450.75
Rapeseed,RSO:COM,17/04/2024,458,458,445.75,448.5
Rapeseed,RSO:COM,16/04/2024,458.5,458.75,451.25,453
Rapeseed,RSO:COM,15/04/2024,464,464,454.25,460.75
Rapeseed,RSO:COM,12/04/2024,449,459.5,449,459
Rapeseed,RSO:COM,11/04/2024,452.75,460.25,448,451.75
Rapeseed,RSO:COM,10/04/2024,448.5,453.75,448.25,453.25
Rapeseed,RSO:COM,09/04/2024,442,449,442,448
Rapeseed,RSO:COM,08/04/2024,443,446.25,441.25,442.5
Rapeseed,RSO:COM,05/04/2024,435.75,446.75,435.5,445.75
Rapeseed,RSO:COM,04/04/2024,449.25,450,435,436
Rapeseed,RSO:COM,03/04/2024,446.5,454.5,446,448.25
Rapeseed,RSO:COM,02/04/2024,438.25,449.75,438.25,445.75
Rapeseed,RSO:COM,28/03/2024,440.25,442.25,434.75,438
Rapeseed,RSO:COM,27/03/2024,450,450,440.75,441.5
Rapeseed,RSO:COM,26/03/2024,455.25,456,450.25,452
Rapeseed,RSO:COM,25/03/2024,448.5,458,448.5,457
Rapeseed,RSO:COM,22/03/2024,446.25,449.75,443.5,448.25
Rapeseed,RSO:COM,21/03/2024,452.5,454.5,448,448.75
Rapeseed,RSO:COM,20/03/2024,445.5,452.5,444.75,452
Rapeseed,RSO:COM,19/03/2024,443,447.75,442,446.25
Rapeseed,RSO:COM,18/03/2024,436.25,444.25,435,443.25
Rapeseed,RSO:COM,15/03/2024,436.75,437.75,432.25,436.25
Rapeseed,RSO:COM,14/03/2024,441.5,444,434.75,437.5
Rapeseed,RSO:COM,13/03/2024,443.25,444,438.5,440.25
Rapeseed,RSO:COM,12/03/2024,430.75,444.75,428.5,444
Rapeseed,RSO:COM,11/03/2024,423.5,434.5,423.5,430.75
Rapeseed,RSO:COM,08/03/2024,427,427.75,419,423.25
Rapeseed,RSO:COM,07/03/2024,423.25,428,422,425.75
Rapeseed,RSO:COM,06/03/2024,421.5,424.5,419.75,422.5
Rapeseed,RSO:COM,05/03/2024,415.75,423,414.75,422.25
Rapeseed,RSO:COM,04/03/2024,414,418.5,411.5,417.25
Rapeseed,RSO:COM,01/03/2024,414,415.5,411.5,413.5
Rapeseed,RSO:COM,29/02/2024,415.5,415.5,408.75,412
Rapeseed,RSO:COM,28/02/2024,412.5,416,409.5,415
Rapeseed,RSO:COM,27/02/2024,411,416.5,410,415
Rapeseed,RSO:COM,26/02/2024,409.75,411.5,406.25,407.5
Rapeseed,RSO:COM,23/02/2024,417.25,417.25,407.75,408.25
Rapeseed,RSO:COM,22/02/2024,422.5,423.75,415,416
Rapeseed,RSO:COM,21/02/2024,426,426.5,421.5,422.25
Rapeseed,RSO:COM,20/02/2024,427.5,429.75,422,426.25
Rapeseed,RSO:COM,19/02/2024,427.75,428,424.25,426.75
Rapeseed,RSO:COM,16/02/2024,421.75,429,420.25,427.5
Rapeseed,RSO:COM,15/02/2024,422.25,427,419.75,421.5
Rapeseed,RSO:COM,14/02/2024,422.5,426.5,418.5,424.5
Rapeseed,RSO:COM,13/02/2024,421.5,426.25,421,425
Rapeseed,RSO:COM,12/02/2024,417.5,424,412.75,421.75
Rapeseed,RSO:COM,09/02/2024,412,419.5,408.5,418
Rapeseed,RSO:COM,08/02/2024,411.75,417.75,408.75,412.5
Rapeseed,RSO:COM,07/02/2024,419.75,420,410.25,410.75
Rapeseed,RSO:COM,06/02/2024,415.5,424.5,415,421.25
Rapeseed,RSO:COM,05/02/2024,417,419,413.25,414.25
Rapeseed,RSO:COM,02/02/2024,422.75,423,415,416
Rapeseed,RSO:COM,01/02/2024,427.5,428,421.5,422.5
Rapeseed,RSO:COM,31/01/2024,418.5,426.75,417,420
Rapeseed,RSO:COM,30/01/2024,421,424,416.25,420.75
Rapeseed,RSO:COM,29/01/2024,433.25,434.75,423.25,424
Rapeseed,RSO:COM,26/01/2024,435,441,434.5,436.5
